dataset,experiment,best_epoch,hidden_dims,dropout,learning_rate,weight_decay,seed,normalize_features,label_smoothing,epochs_completed,train_accuracy,val_accuracy,test_accuracy,test_precision_macro,test_recall_macro,test_f1_macro,test_precision_weighted,test_recall_weighted,test_f1_weighted,running_time_seconds
cora,deep,144,128-64,0.55,0.005,0.0005,2,True,0.0,224,0.9391143911439115,0.8856088560885609,0.8925925925925926,0.88363213148482,0.8879118346300893,0.8847246299813569,0.8946712168224749,0.8925925925925926,0.8925815652632317,2.903454303741455
pubmed,deep,383,128-64,0.55,0.005,0.0005,2,True,0.0,400,0.8870667793744716,0.8719574036511156,0.8762363682475273,0.8681042937589627,0.873995684364374,0.8706003675175423,0.8771993429305072,0.8762363682475273,0.8762760066887659,7.972896575927734
citeseer,citeseer_macro_f1,6,64,0.5,0.01,0.0005,1,False,0.0,96,0.8511066398390342,0.7828054298642534,0.7549167927382754,0.7247976892449869,0.7048321396019391,0.7064269929974677,0.7480488580022624,0.7549167927382754,0.7460947801180448,1.3987078666687012
