dataset,experiment,experiment_run,best_epoch,best_selection_metric,best_selection_value,hidden_dims,dropout,learning_rate,weight_decay,seed,normalize_features,label_smoothing,epochs_completed,train_accuracy,val_accuracy,test_accuracy,test_precision_macro,test_recall_macro,test_f1_macro,test_precision_weighted,test_recall_weighted,test_f1_weighted,running_time_seconds
cora,cora_tuned,cora_tuned,21,val_accuracy,0.812,64,0.25,0.01,0.0005,4,True,0.0,111,0.9571428571428572,0.812,0.784,0.7687063395236546,0.7732698543898434,0.7665268403214567,0.7994108543334876,0.784,0.7873159223069525,1.143165111541748
pubmed,wide,wide,87,val_accuracy,0.814,128,0.5,0.01,0.0005,2,True,0.0,167,1.0,0.814,0.795,0.7889209401709403,0.7952073403708629,0.7876976630315117,0.8031400320512821,0.795,0.7942732135393593,1.890728235244751
citeseer,wide,wide,129,val_accuracy,0.714,128,0.5,0.01,0.0005,2,True,0.0,209,1.0,0.714,0.69,0.6639233201708999,0.6543215725647155,0.6556462751255779,0.7005974376689944,0.69,0.6922593617954375,2.289339303970337
