dataset,experiment,experiment_run,best_epoch,best_selection_metric,best_selection_value,hidden_dims,dropout,learning_rate,weight_decay,seed,normalize_features,label_smoothing,epochs_completed,train_accuracy,val_accuracy,test_accuracy,test_precision_macro,test_recall_macro,test_f1_macro,test_precision_weighted,test_recall_weighted,test_f1_weighted,running_time_seconds
cora,low_dropout,low_dropout,19,val_accuracy,0.8,64,0.35,0.01,0.0005,2,True,0.0,99,0.9428571428571428,0.8,0.79,0.7800331844967012,0.79384475101516,0.7823537734245186,0.8081857633802086,0.79,0.7950293038276522,1.0263621807098389
pubmed,paper_gcn,paper_gcn_seed8,177,val_loss,0.5628516674041748,16,0.5,0.01,0.0005,8,True,0.0,187,1.0,0.796,0.797,0.7907341815514721,0.7935100169073314,0.7881164340304633,0.8046236782622691,0.797,0.7962237273354892,2.3614065647125244
citeseer,wide,wide,129,val_accuracy,0.714,128,0.5,0.01,0.0005,2,True,0.0,209,1.0,0.714,0.69,0.6639233201708999,0.6543215725647155,0.6556462751255779,0.7005974376689944,0.69,0.6922593617954375,2.289339303970337
